agents	https://github.com/talex-touch/tuff/issues/363
ai-elements	https://github.com/talex-touch/tuff/issues/364
alert	https://github.com/talex-touch/tuff/issues/365
auto-sizer	https://github.com/talex-touch/tuff/issues/366
avatar	https://github.com/talex-touch/tuff/issues/367
avatar-variants	https://github.com/talex-touch/tuff/issues/368
badge	https://github.com/talex-touch/tuff/issues/369
base-anchor	https://github.com/talex-touch/tuff/issues/370
base-surface	https://github.com/talex-touch/tuff/issues/371
blank-slate	https://github.com/talex-touch/tuff/issues/372
breadcrumb	https://github.com/talex-touch/tuff/issues/373
button	https://github.com/talex-touch/tuff/issues/374
card	https://github.com/talex-touch/tuff/issues/375
card-item	https://github.com/talex-touch/tuff/issues/376
cascader	https://github.com/talex-touch/tuff/issues/377
chat	https://github.com/talex-touch/tuff/issues/378
chat-composer	https://github.com/talex-touch/tuff/issues/379
checkbox	https://github.com/talex-touch/tuff/issues/380
code-editor	https://github.com/talex-touch/tuff/issues/381
collapse	https://github.com/talex-touch/tuff/issues/382
command-palette	https://github.com/talex-touch/tuff/issues/383
container	https://github.com/talex-touch/tuff/issues/384
context-menu	https://github.com/talex-touch/tuff/issues/385
copy-button	https://github.com/talex-touch/tuff/issues/386
corner-overlay	https://github.com/talex-touch/tuff/issues/387
data-table	https://github.com/talex-touch/tuff/issues/388
date-picker	https://github.com/talex-touch/tuff/issues/389
dialog	https://github.com/talex-touch/tuff/issues/390
divider	https://github.com/talex-touch/tuff/issues/391
drawer	https://github.com/talex-touch/tuff/issues/392
dropdown-menu	https://github.com/talex-touch/tuff/issues/393
empty-state	https://github.com/talex-touch/tuff/issues/394
error-state	https://github.com/talex-touch/tuff/issues/395
file-uploader	https://github.com/talex-touch/tuff/issues/396
flat-button	https://github.com/talex-touch/tuff/issues/397
flat-dropdown	https://github.com/talex-touch/tuff/issues/398
flat-input	https://github.com/talex-touch/tuff/issues/399
flat-radio	https://github.com/talex-touch/tuff/issues/400
flat-select	https://github.com/talex-touch/tuff/issues/401
flip-overlay	https://github.com/talex-touch/tuff/issues/402
floating	https://github.com/talex-touch/tuff/issues/403
form	https://github.com/talex-touch/tuff/issues/404
foundations	https://github.com/talex-touch/tuff/issues/405
fusion	https://github.com/talex-touch/tuff/issues/406
glass-surface	https://github.com/talex-touch/tuff/issues/407
glow-text	https://github.com/talex-touch/tuff/issues/408
gradient-border	https://github.com/talex-touch/tuff/issues/409
gradual-blur	https://github.com/talex-touch/tuff/issues/410
grid	https://github.com/talex-touch/tuff/issues/411
grid-layout	https://github.com/talex-touch/tuff/issues/412
group-block	https://github.com/talex-touch/tuff/issues/413
guide-state	https://github.com/talex-touch/tuff/issues/414
icon	https://github.com/talex-touch/tuff/issues/415
icon-button	https://github.com/talex-touch/tuff/issues/416
image-gallery	https://github.com/talex-touch/tuff/issues/417
image-uploader	https://github.com/talex-touch/tuff/issues/418
index	https://github.com/talex-touch/tuff/issues/419
input	https://github.com/talex-touch/tuff/issues/420
kbd	https://github.com/talex-touch/tuff/issues/421
keyframe-stroke-text	https://github.com/talex-touch/tuff/issues/422
layout-skeleton	https://github.com/talex-touch/tuff/issues/423
loading-overlay	https://github.com/talex-touch/tuff/issues/424
loading-state	https://github.com/talex-touch/tuff/issues/425
markdown-editor	https://github.com/talex-touch/tuff/issues/426
markdown-view	https://github.com/talex-touch/tuff/issues/427
modal	https://github.com/talex-touch/tuff/issues/428
nav-bar	https://github.com/talex-touch/tuff/issues/429
no-data	https://github.com/talex-touch/tuff/issues/430
no-selection	https://github.com/talex-touch/tuff/issues/431
number-input	https://github.com/talex-touch/tuff/issues/432
outline-border	https://github.com/talex-touch/tuff/issues/433
pagination	https://github.com/talex-touch/tuff/issues/434
permission-state	https://github.com/talex-touch/tuff/issues/435
picker	https://github.com/talex-touch/tuff/issues/436
popover	https://github.com/talex-touch/tuff/issues/437
progress	https://github.com/talex-touch/tuff/issues/438
progress-bar	https://github.com/talex-touch/tuff/issues/439
radio	https://github.com/talex-touch/tuff/issues/440
rating	https://github.com/talex-touch/tuff/issues/441
scroll	https://github.com/talex-touch/tuff/issues/442
search-empty	https://github.com/talex-touch/tuff/issues/443
search-input	https://github.com/talex-touch/tuff/issues/444
search-select	https://github.com/talex-touch/tuff/issues/445
segmented-slider	https://github.com/talex-touch/tuff/issues/446
select	https://github.com/talex-touch/tuff/issues/447
skeleton	https://github.com/talex-touch/tuff/issues/448
slider	https://github.com/talex-touch/tuff/issues/449
sortable-list	https://github.com/talex-touch/tuff/issues/450
spinner	https://github.com/talex-touch/tuff/issues/451
splitter	https://github.com/talex-touch/tuff/issues/452
stack	https://github.com/talex-touch/tuff/issues/453
stagger	https://github.com/talex-touch/tuff/issues/454
stat-card	https://github.com/talex-touch/tuff/issues/455
status-badge	https://github.com/talex-touch/tuff/issues/456
steps	https://github.com/talex-touch/tuff/issues/457
switch	https://github.com/talex-touch/tuff/issues/458
tab-bar	https://github.com/talex-touch/tuff/issues/459
tabs	https://github.com/talex-touch/tuff/issues/460
tag	https://github.com/talex-touch/tuff/issues/461
tag-input	https://github.com/talex-touch/tuff/issues/462
textarea	https://github.com/talex-touch/tuff/issues/463
timeline	https://github.com/talex-touch/tuff/issues/464
toast	https://github.com/talex-touch/tuff/issues/465
tooltip	https://github.com/talex-touch/tuff/issues/466
transfer	https://github.com/talex-touch/tuff/issues/467
transition	https://github.com/talex-touch/tuff/issues/468
tree	https://github.com/talex-touch/tuff/issues/469
tree-select	https://github.com/talex-touch/tuff/issues/470
typing-indicator	https://github.com/talex-touch/tuff/issues/471
utils	https://github.com/talex-touch/tuff/issues/472
version-capsule	https://github.com/talex-touch/tuff/issues/473
virtual-list	https://github.com/talex-touch/tuff/issues/474
