﻿"id","priority","phase","area","title","description","acceptance_criteria","test_mcp","review_initial_requirements","review_regression_requirements","dev_state","review_initial_state","review_regression_state","git_state","owner","refs","notes"
"TFILE-010","P0","1","both","盘点 tfile 入口与核心使用场景","梳理 tfile 协议入口与渲染层使用点，标记核心路径与可受限路径边界。","形成入口清单覆盖 file-protocol、system.readFile、预览/图标/背景等使用点；每个入口标注来源与是否核心保留；评审通过并同步到 refs。","AUTOSERVER","检查是否遗漏 tfile 入口与 CSP 相关配置；确认可受限与必须保留的边界。","后续新增 tfile 入口时需要更新清单并复核。","未开始","未开始","未开始","未提交","","plan/2026-01-21_01-41-58-tfile-access-guard.md:1;src/main/modules/file-protocol/index.ts:17;src/main/channel/common.ts:922",""
"TFILE-020","P0","2","both","定义 app 内范围与 tfile 作用域策略","明确 app 内路径白名单与插件 tfile 作用域规则（目录/文件模式），作为统一判定基线。","给出 app 内范围判定规则与示例路径；定义插件 tfile 作用域字段含义与校验规则；规则评审通过并可用于实现。","AUTOSERVER","确认范围不会阻断核心功能；确认策略满足安全需求且可实施。","用样例路径（app 内/外、相对/绝对、符号链接）复核判定结果。","未开始","未开始","未开始","未提交","","plan/2026-01-21_01-41-58-tfile-access-guard.md:1;src/main/channel/common.ts:243;src/main/modules/permission/permission-guard.ts:45",""
"TFILE-030","P0","3","both","更新 SDK 版本与 tfile 权限定义","新增 SdkApi.V260121 并更新当前/支持版本；在权限注册表与前端文案中加入 tfile 权限。","sdk-version.ts 新增 V260121 且 CURRENT_SDK_VERSION/支持列表更新；权限注册表新增 tfile 权限及风险等级；i18n 与前端权限映射可展示新权限。","AUTOSERVER","确认旧插件 sdkapi 兼容策略保持不变；权限 ID 命名与风险等级合理。","typecheck 通过；权限列表页面可显示新权限条目。","未开始","未开始","未开始","未提交","","plan/2026-01-21_01-41-58-tfile-access-guard.md:1;packages/utils/plugin/sdk-version.ts:10;packages/utils/plugin/sdk-version.ts:25;packages/utils/plugin/sdk-version.ts:34;packages/utils/permission/registry.ts:12;src/renderer/src/composables/usePluginPermission.ts:39",""
"TFILE-040","P0","4","backend","主进程 tfile 守卫与路径校验","在 tfile 协议处理与 system.readFile 统一做路径规范化、范围校验与权限检查。","非 app 内路径默认被拒绝并返回明确错误；插件请求未授权时被拒绝；核心路径访问不受影响；错误日志包含原因。","AUTOSERVER","确认路径规范化一致（tfile/file/绝对路径）；避免路径穿越与符号链接绕过。","回归验证文件预览/图标/主题背景与插件访问场景。","未开始","未开始","未开始","未提交","","plan/2026-01-21_01-41-58-tfile-access-guard.md:1;src/main/modules/file-protocol/index.ts:17;src/main/channel/common.ts:922;src/main/channel/common.ts:243;src/main/channel/common.ts:127",""
"TFILE-050","P0","5","both","敏感 tfile 弹窗确认流程","对非 app 内 tfile 请求触发弹窗，支持拒绝/本次允许/关闭前始终允许，并维护会话级允许列表。","非 app 内请求触发弹窗；选择本次允许仅对单次生效；选择关闭前始终允许存入 session grant 并在退出清理；拒绝阻断访问并可重试。","AUTOE2E","确认弹窗文案与风险提示清晰；请求节流或合并避免频繁打扰。","验证多次访问同一路径不会重复弹窗；应用重启后 session 许可失效。","未开始","未开始","未开始","未提交","","plan/2026-01-21_01-41-58-tfile-access-guard.md:1;src/renderer/src/composables/usePermissionStartup.ts:38;src/renderer/src/components/permission/PermissionRequestDialog.vue:100;src/main/modules/permission/permission-store.ts:160;src/main/modules/permission/index.ts:66",""
"TFILE-060","P0","6","both","插件权限声明与启用流程接入 tfile 作用域","manifest 增加 tfile 权限与作用域字段；插件启用时缺失权限触发确认并按 sdkapi 260121 规则执行。","manifest 可声明 tfile 权限与作用域；sdkapi>=260121 插件未声明/未授权时被阻断并触发请求；旧 sdkapi 保持兼容。","AUTOE2E","确认权限缺失时的错误信息与回退策略；避免影响非 tfile 能力。","插件启用流程在授权后可重试成功；权限状态页显示 tfile 权限。","未开始","未开始","未开始","未提交","","plan/2026-01-21_01-41-58-tfile-access-guard.md:1;src/main/modules/plugin/plugin-module.ts:447;src/main/modules/plugin/plugin-loaders.ts:117;src/main/modules/plugin/plugin.ts:137;packages/utils/plugin/sdk-version.ts:10",""
"TFILE-070","P1","7","both","补充 tfile/权限相关测试与回归验证","为权限模块与 tfile 守卫新增单元测试，并形成核心功能手动回归清单。","新增/更新测试覆盖路径校验与权限分支；测试通过且覆盖率达到目标；回归清单覆盖预览/图标/主题背景。","AUTOE2E","测试用例覆盖拒绝/允许/会话允许三分支；包含路径边界与异常情况。","执行手动回归清单并记录结果；无主流程回归。","未开始","未开始","未开始","未提交","","plan/2026-01-21_01-41-58-tfile-access-guard.md:1;src/main/modules/permission/permission-guard.test.ts:1;src/main/channel/common.ts:922",""
"TFILE-080","P2","8","both","补充迁移与权限变更说明文档","记录新 sdkapi 版本与 tfile 权限/作用域变更，明确旧插件兼容策略与升级步骤。","文档包含 sdkapi 260121 变更说明、权限声明示例与兼容策略；相关入口链接可被维护者找到。","AUTOSERVER","确认文档可操作、无歧义；包含最小迁移步骤。","核对文档与实现一致；更新后无过期内容。","未开始","未开始","未开始","未提交","","plan/2026-01-21_01-41-58-tfile-access-guard.md:1;packages/utils/plugin/sdk-version.ts:10",""
