﻿"id","priority","phase","area","title","description","acceptance_criteria","test_mcp","review_initial_requirements","review_regression_requirements","dev_state","review_initial_state","review_regression_state","git_state","owner","refs","notes"
"LEG-010","P1","1","both","定义扫描口径与关键词集合","明确 deprecated/legacy/compat 等关键词与分类标准，形成扫描准则。","形成可复用的关键词清单且包含至少 7 个关键词，并明确 3 类分类口径；审阅可直接复核该清单。","AUTOSERVER","口径定义不偏离任务目标，关键词覆盖 deprecated/legacy/compat/shim/fallback/polyfill/migration。","复核清单与后续分类一致，抽查 3 条匹配路径无歧义。","已完成","已完成","已完成","已提交","","plan/2026-01-21_02-17-56-deprecated-legacy-scan.md:16;docs/compatibility-legacy-scan.md:1","picked_reason:优先定义扫描口径，作为后续检索和分类依据;evidence:scan_criteria_doc;validation_limited:doc-only change;manual_test:open docs/compatibility-legacy-scan.md verify keywords+categories;risk:low;done_at:2026-01-21;blocked:git commit failed commitlint requires conventional type;blocked_resolved:use conventional commit message"
"LEG-020","P1","2","both","全仓语义与结构化检索","执行全仓语义+结构化检索覆盖注释、JSDoc/TS 注解、配置与脚本，输出初始命中文件列表。","输出可复现的命中文件列表（含路径），并记录主要检索词；列表可被二次运行复核。","AUTOSERVER","检索范围覆盖 main/renderer/packages/plugins/docs，避免仅限代码文件。","二次运行抽样核对 5 条命中路径仍可复现。","已完成","已完成","已完成","已提交","","plan/2026-01-21_02-17-56-deprecated-legacy-scan.md:17;docs/compatibility-legacy-scan-initial-hits.md:1","picked_reason:先完成初始命中清单便于后续分组深读;evidence:initial_hits_report;sample_recheck:5_files;done_at:2026-01-21"
"LEG-030","P1","3","both","分模块深读命中结果","按模块深读命中项，判定是否“仍在用但不推荐”或“兼容性/过渡路径”，补充上下文说明。","每条命中项至少标注用途、分类归属与上下文说明；覆盖 main/renderer/packages/plugins/docs 四类模块。","AUTOSERVER","分类标准一致，说明不含实现细节但可追溯。","抽样复核 10 条标注，分类与上下文无明显偏差。","已完成","已完成","已完成","已提交","","plan/2026-01-21_02-17-56-deprecated-legacy-scan.md:18;docs/compatibility-legacy-scan-classification.md:1","picked_reason:按命中清单逐条分类便于后续补扫与汇总;evidence:classification_report;coverage:main_renderer_docs;done_at:2026-01-21"
"LEG-040","P1","4","both","补扫隐性兼容路径","补扫版本门控、平台分支、旧协议/旧结构、feature flag 回退等隐性兼容路径。","补充清单覆盖至少 4 类隐性兼容模式，并明确与关键词命中项的区分标记。","AUTOSERVER","识别逻辑可解释且与现有分类口径对齐。","抽样复核 5 条隐性路径定位准确。","已完成","已完成","已完成","已提交","","plan/2026-01-21_02-17-56-deprecated-legacy-scan.md:19;docs/compatibility-legacy-scan-hidden-compat.md:1","picked_reason:补扫隐性兼容路径以覆盖关键词未命中场景;evidence:hidden_compat_report;coverage:4_categories;done_at:2026-01-21"
"LEG-050","P1","5","both","输出分类清单","汇总分类清单，输出每条的文件位置、触发条件、依赖/替代方案与风险等级。","清单分三类输出；每条包含文件位置与触发条件；风险等级有明确标注。","AUTOSERVER","汇总不遗漏前序标注项，分类边界清晰。","随机复核 10 条清单信息完整性。","已完成","已完成","已完成","已提交","","plan/2026-01-21_02-17-56-deprecated-legacy-scan.md:20;docs/compatibility-legacy-scan-summary.md:1","evidence:summary_report;coverage:categories_with_risk;done_at:2026-01-21"
"LEG-060","P1","6","both","交叉复核与遗漏补扫","对关键模块进行二次检索复核，记录未决项并确认覆盖率。","形成复核记录，明确是否有遗漏与未决项列表；关键模块覆盖得到确认。","AUTOSERVER","复核范围覆盖渠道/插件/存储/数据库/构建模块。","抽查复核记录与原始清单一致。","已完成","已完成","已完成","已提交","","plan/2026-01-21_02-17-56-deprecated-legacy-scan.md:21;docs/compatibility-legacy-scan-review.md:1","picked_reason:关键模块二次复核避免遗漏;evidence:review_log;coverage:channel_plugin_storage_database_build;done_at:2026-01-21"
